{
  "model": "gpt-4o-mini",
  "num_examples": 3500,
  "avg_metrics": {
    "explicit": {
      "precision": 0.7333891156462585,
      "recall": 0.9824285714285714,
      "f1": 0.8064732426303854
    },
    "implicit": {
      "precision": 0.3233156462585034,
      "recall": 0.2193809523809524,
      "f1": 0.2489618635332921
    },
    "all": {
      "precision": 0.5516724489795919,
      "recall": 0.47173809523809523,
      "f1": 0.49701028019599447
    }
  },
  "timestamp": "2026-01-01 14:42:51",
  "data_path": "C:\\Users\\ronif\\Desktop\\try NLP\\data\\synthetic_dataset.jsonl",
  "skills_path": "C:\\Users\\ronif\\Desktop\\try NLP\\src\\skills\\skills_v1.txt",
  "prompt_path": "C:\\Users\\ronif\\Desktop\\try NLP\\src\\prompts\\zero_shot_baseline.txt",
  "max_retries": 8,
  "backoff_cap_s": 60
}